{"cameraMode":{"drawMode":0,"name":"Shaded","section":"Shading Mode"},"sceneLighting":true,"audioPlay":false,"sceneViewState":{"m_AlwaysRefresh":false,"showFog":true,"showSkybox":true,"showFlares":true,"showImageEffects":true,"showParticleSystems":true,"showVisualEffectGraphs":true,"m_FxEnabled":true},"in2DMode":false,"pivot":{"x":0.006425738334655762,"y":0.8387037515640259,"z":0.07161557674407959},"rotation":{"x":-0.029013480991125108,"y":-0.8637217879295349,"z":0.5006431341171265,"w":-0.050062380731105807},"size":0.176059752702713,"orthographic":false}